{"cameraMode":{"drawMode":0,"name":"Shaded","section":"Shading Mode"},"sceneLighting":true,"audioPlay":false,"sceneViewState":{"showFog":false,"showMaterialUpdate":false,"showSkybox":false,"showFlares":false,"showImageEffects":false,"showParticleSystems":false},"in2DMode":false,"pivot":{"x":-27.137388229370118,"y":4.968128204345703,"z":-71.11555480957031},"rotation":{"x":-0.09366437047719956,"y":0.9062727689743042,"z":-0.2851118743419647,"w":-0.2977040410041809},"size":16.22837257385254,"orthographic":false}