{"cameraMode":{"drawMode":0,"name":"Shaded","section":"Shading Mode"},"sceneLighting":true,"audioPlay":false,"sceneViewState":{"showFog":false,"showMaterialUpdate":false,"showSkybox":false,"showFlares":false,"showImageEffects":false,"showParticleSystems":false},"in2DMode":false,"pivot":{"x":890.7621459960938,"y":551.2122192382813,"z":155.651123046875},"rotation":{"x":-0.17752067744731904,"y":0.018901221454143525,"z":-0.003398697590455413,"w":-0.983942985534668},"size":1895.8387451171875,"orthographic":false}