{"cameraMode":{"drawMode":0,"name":"Shaded","section":"Shading Mode"},"sceneLighting":false,"audioPlay":false,"sceneViewState":{"showFog":true,"showMaterialUpdate":true,"showSkybox":false,"showFlares":true,"showImageEffects":true,"showParticleSystems":true},"in2DMode":false,"pivot":{"x":960.0178833007813,"y":441.7292785644531,"z":30.368484497070314},"rotation":{"x":0.0008976820972748101,"y":0.012000770308077336,"z":-0.0000096411877166247,"w":0.9999344348907471},"size":1618.1103515625,"orthographic":false}