{"cameraMode":{"drawMode":0,"name":"Shaded","section":"Shading Mode"},"sceneLighting":true,"audioPlay":false,"sceneViewState":{"showFog":false,"showMaterialUpdate":false,"showSkybox":false,"showFlares":false,"showImageEffects":false,"showParticleSystems":false},"in2DMode":false,"pivot":{"x":32.29437255859375,"y":172.7787628173828,"z":-166.72598266601563},"rotation":{"x":-0.44262394309043887,"y":-0.03951197862625122,"z":0.019540362060070039,"w":-0.8956376910209656},"size":13.35685920715332,"orthographic":false}